{
  "hash": "8f7e6100",
  "configHash": "df0258e4",
  "lockfileHash": "0b5667f8",
  "browserHash": "b5a7ad01",
  "optimized": {
    "@angular/common": {
      "src": "../../../../../node_modules/@angular/common/fesm2022/common.mjs",
      "file": "@angular_common.js",
      "fileHash": "6089178c",
      "needsInterop": false
    },
    "@angular/common/http": {
      "src": "../../../../../node_modules/@angular/common/fesm2022/http.mjs",
      "file": "@angular_common_http.js",
      "fileHash": "045c5cf3",
      "needsInterop": false
    },
    "@angular/core": {
      "src": "../../../../../node_modules/@angular/core/fesm2022/core.mjs",
      "file": "@angular_core.js",
      "fileHash": "064b8a9f",
      "needsInterop": false
    },
    "@angular/forms": {
      "src": "../../../../../node_modules/@angular/forms/fesm2022/forms.mjs",
      "file": "@angular_forms.js",
      "fileHash": "65f43de5",
      "needsInterop": false
    },
    "@angular/platform-browser": {
      "src": "../../../../../node_modules/@angular/platform-browser/fesm2022/platform-browser.mjs",
      "file": "@angular_platform-browser.js",
      "fileHash": "182b1eae",
      "needsInterop": false
    },
    "@angular/router": {
      "src": "../../../../../node_modules/@angular/router/fesm2022/router.mjs",
      "file": "@angular_router.js",
      "fileHash": "1a85024b",
      "needsInterop": false
    }
  },
  "chunks": {
    "chunk-GYZF2YTZ": {
      "file": "chunk-GYZF2YTZ.js"
    },
    "chunk-J3TLDH52": {
      "file": "chunk-J3TLDH52.js"
    },
    "chunk-H4MSFGPA": {
      "file": "chunk-H4MSFGPA.js"
    },
    "chunk-AMIGZ4PN": {
      "file": "chunk-AMIGZ4PN.js"
    }
  }
}